identifier,current_station_identifier,station_id,name
3849,25,NULL,Olivia
3740,21,NULL,Liam
7946,29,NULL,Emma
6242,22,NULL,Noah
6928,NULL,NULL,Amelia
9543,30,NULL,Oliver
2459,32,NULL,Ava
4949,25,NULL,Elijah
2576,NULL,NULL,Sophia
4647,25,NULL,Mateo
6868,NULL,NULL,Isabella
4684,31,NULL,Lucas
3492,33,NULL,Luna
3594,30,NULL,Levi
4273,NULL,NULL,Mia
6908,21,NULL,Asher
3176,29,NULL,Charlotte
7169,27,NULL,James
7938,26,NULL,Evelyn
5995,NULL,NULL,Leo
4499,NULL,NULL,Harper
6813,31,NULL,Grayson
4329,27,NULL,Scarlett
9473,NULL,NULL,Ezra
5378,29,NULL,Nova
7872,31,NULL,Luca
2008,31,NULL,Aurora
2351,22,NULL,Ethan
4729,31,NULL,Ella
7165,21,NULL,Aiden
1106,33,NULL,Mila
1372,NULL,NULL,Wyatt
6730,26,NULL,Aria
2699,27,NULL,Sebastian
1366,31,NULL,Ellie
2596,21,NULL,Benjamin
2663,NULL,NULL,Gianna
3780,27,NULL,Mason
5408,27,NULL,Sofia
8564,NULL,NULL,Henry
7022,22,NULL,Violet
4503,27,NULL,Hudson
6884,22,NULL,Layla
4757,NULL,NULL,Jack
8702,22,NULL,Willow
5697,NULL,NULL,Jackson
3434,25,NULL,Lily
3684,28,NULL,Owen
7522,20,NULL,Hazel
9824,26,NULL,Daniel
8918,NULL,NULL,Camila
3924,27,NULL,Alexander
5335,26,NULL,Avery
8089,25,NULL,Maverick
1886,NULL,NULL,Chloe
2525,24,NULL,Kai
9192,27,NULL,Elena
5460,25,NULL,Gabriel
2253,30,NULL,Paisley
5444,29,NULL,Carter
7788,NULL,NULL,Eliana
4047,26,NULL,William
3575,25,NULL,Penelope
5741,32,NULL,Logan
9718,NULL,NULL,Eleanor
7437,29,NULL,Michael
9348,28,NULL,Ivy
4292,NULL,NULL,Samuel
2165,26,NULL,Elizabeth
2612,21,NULL,Muhammad
5068,27,NULL,Riley
1028,22,NULL,Waylon
9834,NULL,NULL,Isla
2074,27,NULL,Ezekiel
5111,21,NULL,Abigail
7907,20,NULL,Jayden
3994,23,NULL,Nora
5276,NULL,NULL,Luke
7148,23,NULL,Stella
6862,31,NULL,Lincoln
7865,NULL,NULL,Grace
1144,21,NULL,Theo
3998,NULL,NULL,Zoey
6669,26,NULL,Jacob
9189,27,NULL,Emily
7420,33,NULL,Josiah
5224,NULL,NULL,Emilia
3047,28,NULL,David
9494,21,NULL,Leilani
7680,21,NULL,Jaxon
3422,27,NULL,Everly
2209,NULL,NULL,Elias
3622,32,NULL,Kinsley
2887,33,NULL,Julian
3075,29,NULL,Athena
6541,NULL,NULL,Theodore
9557,30,NULL,Delilah
1758,20,NULL,Isaiah
4033,NULL,NULL,Naomi
4683,31,NULL,Matthew